001	Bulbasaur	妙蛙種子	妙蛙种子	Miàowāzhǒngzǐ
002	Ivysaur	妙蛙草	妙蛙草	Miàowācǎo
003	Venusaur	妙蛙花	妙蛙花	Miàowāhuā
004	Charmander	小火龍	小火龙	Xiǎohuǒlóng
005	Charmeleon	火恐龍	火恐龙	Huǒkǒnglóng
006	Charizard	噴火龍	喷火龙	Pēnhuǒlóng
007	Squirtle	傑尼龜	杰尼龟	Jiéníguī
008	Wartortle	卡咪龜	卡咪龟	Kǎmīguī
009	Blastoise	水箭龜	水箭龟	Shuǐjiànguī
010	Caterpie	綠毛蟲	绿毛虫	Lǜmáochóng
011	Metapod	鐵甲蛹	铁甲蛹	Tiějiáyǒng
012	Butterfree	巴大蝶	巴大蝶	Bādàdié
013	Weedle	獨角蟲	独角虫	Dújiǎochóng
014	Kakuna	鐵殼蛹	铁壳蛹	Tiěkéyǒng
015	Beedrill	大針蜂	大针蜂	Dàzhēnfēng
016	Pidgey	波波	波波	Bōbō
017	Pidgeotto	比比鳥	比比鸟	Bǐbǐniǎo
018	Pidgeot	大比鳥	大比鸟	Dàbǐniǎo
019	Rattata	小拉達	小拉达	Xiǎolādá
020	Raticate	拉達	拉达	Lādá
021	Spearow	烈雀	烈雀	Lièquè
022	Fearow	大嘴雀	大嘴雀	Dàzuǐquè
023	Ekans	阿柏蛇	阿柏蛇	Ābóshé
024	Arbok	阿柏怪	阿柏怪	Ābóguài
025	Pikachu	皮卡丘	皮卡丘	Píkǎqiū
026	Raichu	雷丘	雷丘	Léiqiū
027	Sandshrew	穿山鼠	穿山鼠	Chuānshānshǔ
028	Sandslash	穿山王	穿山王	Chuānshānwáng
029	Nidoran♀	尼多蘭	尼多兰	Níduōlán
030	Nidorina	尼多娜	尼多娜	Níduōnà
031	Nidoqueen	尼多后	尼多后	Níduōhòu
032	Nidoran♂	尼多朗	尼多朗	Níduōláng
033	Nidorino	尼多力諾	尼多力诺	Níduōlìnuò
034	Nidoking	尼多王	尼多王	Níduōwáng
035	Clefairy	皮皮	皮皮	Pípí
036	Clefable	皮可西	皮可西	Píkěxī
037	Vulpix	六尾	六尾	Liùwěi
038	Ninetales	九尾	九尾	Jiǔwěi
039	Jigglypuff	胖丁	胖丁	Pàngdīng
040	Wigglytuff	胖可丁	胖可丁	Pàngkědīng
041	Zubat	超音蝠	超音蝠	Chāoyīnfú
042	Golbat	大嘴蝠	大嘴蝠	Dàzuǐfú
043	Oddish	走路草	走路草	Zǒulùcǎo
044	Gloom	臭臭花	臭臭花	Chòuchòuhuā
045	Vileplume	霸王花	霸王花	Bàwánghuā
046	Paras	派拉斯	派拉斯	Pàilāsī
047	Parasect	派拉斯特	派拉斯特	Pàilāsītè
048	Venonat	毛球	毛球	Máoqiú
049	Venomoth	摩魯蛾	摩鲁蛾	Mólǔ'é
050	Diglett	地鼠	地鼠	Dìshǔ
051	Dugtrio	三地鼠	三地鼠	Sāndìshǔ
052	Meowth	喵喵	喵喵	Miāomiāo
053	Persian	貓老大	猫老大	Māolǎodà
054	Psyduck	可達鴨	可达鸭	Kědáyā
055	Golduck	哥達鴨	哥达鸭	Gēdáyā
056	Mankey	猴怪	猴怪	Hóuguài
057	Primeape	火爆猴	火暴猴	Huǒbàohóu
058	Growlithe	卡蒂狗	卡蒂狗	Kǎdìgǒu
059	Arcanine	風速狗	风速狗	Fēngsùgǒu
060	Poliwag	蚊香蝌蚪	蚊香蝌蚪	Wénxiāngkēdǒu
061	Poliwhirl	蚊香君	蚊香君	Wénxiāngjūn
062	Poliwrath	蚊香泳士	蚊香泳士	Wénxiāngyǒngshì
063	Abra	凱西	凯西	Kǎixī
064	Kadabra	勇基拉	勇基拉	Yǒngjīlā
065	Alakazam	胡地	胡地	Húdì
066	Machop	腕力	腕力	Wànlì
067	Machoke	豪力	豪力	Háolì
068	Machamp	怪力	怪力	Guàilì
069	Bellsprout	喇叭芽	喇叭芽	Lǎbāyá
070	Weepinbell	口呆花	口呆花	Kǒudāihuā
071	Victreebel	大食花	大食花	Dàshíhuā
072	Tentacool	瑪瑙水母	玛瑙水母	Mǎnǎoshuǐmǔ
073	Tentacruel	毒刺水母	毒刺水母	Dúcìshuǐmǔ
074	Geodude	小拳石	小拳石	Xiǎoquánshí
075	Graveler	隆隆石	隆隆石	Lónglóngshí
076	Golem	隆隆岩	隆隆岩	Lónglóngyán
077	Ponyta	小火馬	小火马	Xiǎohuǒmǎ
078	Rapidash	烈焰馬	烈焰马	Lièyànmǎ
079	Slowpoke	呆呆獸	呆呆兽	Dāidāishòu
080	Slowbro	呆殼獸	呆壳兽	Dāikéshòu
081	Magnemite	小磁怪	小磁怪	Xiǎocíguài
082	Magneton	三合一磁怪	三合一磁怪	Sānhéyīcíguài
083	Farfetch'd	大蔥鴨	大葱鸭	Dàcōngyā
084	Doduo	嘟嘟	嘟嘟	Dūdū
085	Dodrio	嘟嘟利	嘟嘟利	Dūdūlì
086	Seel	小海獅	小海狮	Xiǎohǎishī
087	Dewgong	白海獅	白海狮	Báihǎishī
088	Grimer	臭泥	臭泥	Chòuní
089	Muk	臭臭泥	臭臭泥	Chòuchòuní
090	Shellder	大舌貝	大舌贝	Dàshébèi
091	Cloyster	刺甲貝	刺甲贝	Cìjiǎbèi
092	Gastly	鬼斯	鬼斯	Guǐsī
093	Haunter	鬼斯通	鬼斯通	Guǐsītōng
094	Gengar	耿鬼	耿鬼	Gěngguǐ
095	Onix	大岩蛇	大岩蛇	Dàyánshé
096	Drowzee	催眠貘	催眠貘	Cuīmiánmò
097	Hypno	引夢貘人	引梦貘人	Yǐnmèngmòrén
098	Krabby	大鉗蟹	大钳蟹	Dàqiánxiè
099	Kingler	巨鉗蟹	巨钳蟹	Jùqiánxiè
100	Voltorb	霹靂電球	霹雳电球	Pīlìdiànqiú
101	Electrode	頑皮雷彈	顽皮雷弹	Wánpíléidàn
102	Exeggcute	蛋蛋	蛋蛋	Dàndàn
103	Exeggutor	椰蛋樹	椰蛋树	YédànshùYēdànshù
104	Cubone	卡拉卡拉	卡拉卡拉	Kǎlākǎlā
105	Marowak	嘎啦嘎啦	嘎啦嘎啦	Gālagāla
106	Hitmonlee	飛腿郎	飞腿郎	Fēituǐláng
107	Hitmonchan	快拳郎	快拳郎	Kuàiquánláng
108	Lickitung	大舌頭	大舌头	Dàshétóu
109	Koffing	瓦斯彈	瓦斯弹	Wǎsīdàn
110	Weezing	雙彈瓦斯	双弹瓦斯	Shuāngdànwǎsī
111	Rhyhorn	獨角犀牛	独角犀牛	Dújiǎoxīniú
112	Rhydon	鑽角犀獸	钻角犀兽	Zuànjiǎoxīshòu
113	Chansey	吉利蛋	吉利蛋	Jílìdàn
114	Tangela	蔓藤怪	蔓藤怪	Mànténgguài
115	Kangaskhan	袋獸	袋兽	Dàishòu
116	Horsea	墨海馬	墨海马	Mòhǎimǎ
117	Seadra	海刺龍	海刺龙	Hǎicìlóng
118	Goldeen	角金魚	角金鱼	Jiǎojīnyú
119	Seaking	金魚王	金鱼王	Jīnyúwáng
120	Staryu	海星星	海星星	Hǎixīngxīng
121	Starmie	寶石海星	宝石海星	Bǎoshíhǎixīng
122	Mr. Mime	魔牆人偶	魔墙人偶	Móqiángrénǒu
123	Scyther	飛天螳螂	飞天螳螂	Fēitiāntángláng
124	Jynx	迷唇姐	迷唇姐	Míchúnjiě
125	Electabuzz	電擊獸	电击兽	DiànjíshòuDiànjīshòu
126	Magmar	鴨嘴火獸	鸭嘴火兽	Yāzuǐhuǒshòu
127	Pinsir	凱羅斯	凯罗斯	Kǎiluósī
128	Tauros	肯泰羅	肯泰罗	Kěntàiluó
129	Magikarp	鯉魚王	鲤鱼王	Lǐyúwáng
130	Gyarados	暴鯉龍	暴鲤龙	Bàolǐlóng
131	Lapras	拉普拉斯	拉普拉斯	Lāpǔlāsī
132	Ditto	百變怪	百变怪	Bǎibiànguài
133	Eevee	伊布	伊布	Yībù
134	Vaporeon	水伊布	水伊布	Shuǐyībù
135	Jolteon	雷伊布	雷伊布	Léiyībù
136	Flareon	火伊布	火伊布	Huǒyībù
137	Porygon	多邊獸	多边兽	Duōbiānshòu
138	Omanyte	菊石獸	菊石兽	Júshíshòu
139	Omastar	多刺菊石獸	多刺菊石兽	Duōcìjúshíshòu
140	Kabuto	化石盔	化石盔	Huàshíkuī
141	Kabutops	鐮刀盔	镰刀盔	Liándāokuī
142	Aerodactyl	化石翼龍	化石翼龙	Huàshíyìlóng
143	Snorlax	卡比獸	卡比兽	Kǎbǐshòu
144	Articuno	急凍鳥	急冻鸟	Jídòngniǎo
145	Zapdos	閃電鳥	闪电鸟	Shǎndiànniǎo
146	Moltres	火焰鳥	火焰鸟	Huǒyànniǎo
147	Dratini	迷你龍	迷你龙	Mínǐlóng
148	Dragonair	哈克龍	哈克龙	Hākèlóng
149	Dragonite	快龍	快龙	Kuàilóng
150	Mewtwo	超夢	超梦	Chāomèng
151	Mew	夢幻	梦幻	Mènghuàn
152	Chikorita	菊草葉	菊草叶	Júcǎoyè
153	Bayleef	月桂葉	月桂叶	Yuèguìyè
154	Meganium	大竺葵	大竺葵	Dàzhúkuí
155	Cyndaquil	火球鼠	火球鼠	Huǒqiúshǔ
156	Quilava	火岩鼠	火岩鼠	Huǒyánshǔ
157	Typhlosion	火爆獸	火暴兽	Huǒbàoshòu
158	Totodile	小鋸鱷	小锯鳄	Xiǎojù'è
159	Croconaw	藍鱷	蓝鳄	Lán'è
160	Feraligatr	大力鱷	大力鳄	Dàlì'è
161	Sentret	尾立	尾立	Wěilì
162	Furret	大尾立	大尾立	Dàwěilì
163	Hoothoot	咕咕	咕咕	Gūgū
164	Noctowl	貓頭夜鷹	猫头夜鹰	Māotóuyèyīng
165	Ledyba	芭瓢蟲	芭瓢虫	Bāpiáochóng
166	Ledian	安瓢蟲	安瓢虫	Ānpiáochóng
167	Spinarak	圓絲蛛	圆丝蛛	Yuánsīzhū
168	Ariados	阿利多斯	阿利多斯	Ālìduōsī
169	Crobat	叉字蝠	叉字蝠	Chāzìfú
170	Chinchou	燈籠魚	灯笼鱼	Dēnglóngyú
171	Lanturn	電燈怪	电灯怪	Diàndēngguài
172	Pichu	皮丘	皮丘	Píqiū
173	Cleffa	皮寶寶	皮宝宝	Píbǎobao
174	Igglybuff	寶寶丁	宝宝丁	Bǎobaodīng
175	Togepi	波克比	波克比	Bōkèbǐ
176	Togetic	波克基古	波克基古	Bōkèjīgǔ
177	Natu	天然雀	天然雀	Tiānránquè
178	Xatu	天然鳥	天然鸟	Tiānránniǎo
179	Mareep	咩利羊	咩利羊	Miēlìyáng
180	Flaaffy	茸茸羊	茸茸羊	Róngróngyáng
181	Ampharos	電龍	电龙	Diànlóng
182	Bellossom	美麗花	美丽花	Měilìhuā
183	Marill	瑪力露	玛力露	Mǎlìlù
184	Azumarill	瑪力露麗	玛力露丽	Mǎlìlùlì
185	Sudowoodo	樹才怪	树才怪‎	Shùcáiguài
186	Politoed	蚊香蛙皇	蚊香蛙皇	Wénxiāngwāhuáng
187	Hoppip	毽子草	毽子草	Jiànzǐcǎo
188	Skiploom	毽子花	毽子花	Jiànzǐhuā
189	Jumpluff	毽子棉	毽子棉	Jiànzǐmián
190	Aipom	長尾怪手	长尾怪手	Chángwěiguàishǒu
191	Sunkern	向日種子	向日种子	Xiàngrìzhǒngzǐ
192	Sunflora	向日花怪	向日花怪	Xiàngrìhuāguài
193	Yanma	蜻蜻蜓	蜻蜻蜓	Qīngqīngtíng
194	Wooper	烏波	乌波	Wūbō
195	Quagsire	沼王	沼王	Zhǎowáng
196	Espeon	太陽伊布	太阳伊布	Tàiyángyībù
197	Umbreon	月亮伊布	月亮伊布	Yuèliàngyībù
198	Murkrow	黑暗鴉	黑暗鸦	Hēi'ànyā
199	Slowking	呆呆王	呆呆王	Dāidāiwáng
200	Misdreavus	夢妖	梦妖	Mèngyāo
201	Unown	未知圖騰	未知图腾	Wèizhītúténg
202	Wobbuffet	果然翁	果然翁	Guǒránwēng
203	Girafarig	麒麟奇	麒麟奇	Qílínqí
204	Pineco	榛果球	榛果球	Zhēnguǒqiú
205	Forretress	佛烈托斯	佛烈托斯	Fúliètuōsī
206	Dunsparce	土龍弟弟	土龙弟弟	Tǔlóngdìdì
207	Gligar	天蠍	天蝎	Tiānxiē
208	Steelix	大鋼蛇	大钢蛇	Dàgāngshé
209	Snubbull	布魯	布鲁	Bùlú
210	Granbull	布魯皇	布鲁皇	Bùlǔhuáng
211	Qwilfish	千針魚	千针鱼	Qiānzhēnyú
212	Scizor	巨鉗螳螂	巨钳螳螂	Jùqiántángláng
213	Shuckle	壺壺	壶壶	Húhú
214	Heracross	赫拉克羅斯	赫拉克罗斯	Hèlākèluósī
215	Sneasel	狃拉	狃拉	Niǔlā
216	Teddiursa	熊寶寶	熊宝宝	Xióngbǎobao
217	Ursaring	圈圈熊	圈圈熊	Quānquānxióng
218	Slugma	熔岩蟲	熔岩虫	Róngyánchóng
219	Magcargo	熔岩蝸牛	熔岩蜗牛	RóngyánguāniúRóngyánwōniú
220	Swinub	小山豬	小山猪	Xiǎoshānzhū
221	Piloswine	長毛豬	长毛猪	Chángmáozhū
222	Corsola	太陽珊瑚	太阳珊瑚	Tàiyángshānhú
223	Remoraid	鐵炮魚	铁炮鱼	Tiěpàoyú
224	Octillery	章魚桶	章鱼桶	Zhāngyútǒng
225	Delibird	信使鳥	信使鸟	Xìnshǐniǎo
226	Mantine	巨翅飛魚	巨翅飞鱼	Jùchìfēiyú
227	Skarmory	盔甲鳥	盔甲鸟	Kuījiǎniǎo
228	Houndour	戴魯比	戴鲁比	Dàilǔbǐ
229	Houndoom	黑魯加	黑鲁加	Hēilǔjiā
230	Kingdra	刺龍王	刺龙王	Cìlóngwáng
231	Phanpy	小小象	小小象	Xiǎoxiǎoxiàng
232	Donphan	頓甲	顿甲	Dùnjiǎ
233	Porygon2	多邊獸Ⅱ	多边兽２型	Duōbiānshòu-IIDuōbiānshòu Èrxíng
234	Stantler	驚角鹿	惊角鹿	Jīngjiǎolù
235	Smeargle	圖圖犬	图图犬	Tútúquǎn
236	Tyrogue	無畏小子	无畏小子	Wúwèixiǎozi
237	Hitmontop	戰舞郎	战舞郎	Zhànwǔláng
238	Smoochum	迷唇娃	迷唇娃	Míchúnwá
239	Elekid	電擊怪	电击怪	DiànjíguàiDiànjīguài
240	Magby	鴨嘴寶寶	鸭嘴宝宝	Yāzuǐbǎobao
241	Miltank	大奶罐	大奶罐	Dànǎiguàn
242	Blissey	幸福蛋	幸福蛋	Xìngfúdàn
243	Raikou	雷公	雷公	Léigōng
244	Entei	炎帝	炎帝	Yándì
245	Suicune	水君	水君	Shuǐjūn
246	Larvitar	幼基拉斯	幼基拉斯	Yòujīlāsī
247	Pupitar	沙基拉斯	沙基拉斯	Shājīlāsī
248	Tyranitar	班基拉斯	班基拉斯	Bānjīlāsī
249	Lugia	洛奇亞	洛奇亚	LuòqíyǎLuòqíyà
250	Ho-Oh	鳳王	凤王	Fèngwáng
251	Celebi	時拉比	时拉比	Shílābǐ
252	Treecko	木守宮	木守宫	Mùshǒugōng
253	Grovyle	森林蜥蜴	森林蜥蜴	Sēnlínxīyì
254	Sceptile	蜥蜴王	蜥蜴王	Xīyìwáng
255	Torchic	火稚雞	火稚鸡	Huǒzhìjī
256	Combusken	力壯雞	力壮鸡	Lìzhuàngjī
257	Blaziken	火焰雞	火焰鸡	Huǒyànjī
258	Mudkip	水躍魚	水跃鱼	Shuǐyuèyú
259	Marshtomp	沼躍魚	沼跃鱼	Zhǎoyuèyú
260	Swampert	巨沼怪	巨沼怪	Jùzhǎoguài
261	Poochyena	土狼犬	土狼犬	Tǔlángquǎn
262	Mightyena	大狼犬	大狼犬	Dàlángquǎn
263	Zigzagoon	蛇紋熊	蛇纹熊	Shéwénxióng
264	Linoone	直衝熊	直冲熊	Zhíchōngxióng
265	Wurmple	刺尾蟲	刺尾虫	Cìwěichóng
266	Silcoon	甲殼繭	甲壳茧	Jiǎkéjiǎn
267	Beautifly	狩獵鳳蝶	狩猎凤蝶	Shòulièfèngdié
268	Cascoon	盾甲繭	盾甲茧	Dùnjiǎjiǎn
269	Dustox	毒粉蛾	毒粉蛾	Dúfěn'é
270	Lotad	蓮葉童子	莲叶童子	Liányètóngzǐ
271	Lombre	蓮帽小童	莲帽小童	Liánmàoxiǎotóng
272	Ludicolo	樂天河童	乐天河童	Lètiānhétóng
273	Seedot	橡實果	橡实果	Xiàngshíguǒ
274	Nuzleaf	長鼻葉	长鼻叶	Chángbíyè
275	Shiftry	狡猾天狗	狡猾天狗	Jiǎohuátiāngǒu
276	Taillow	傲骨燕	傲骨燕	Àogǔyàn
277	Swellow	大王燕	大王燕	Dàwángyàn
278	Wingull	長翅鷗	长翅鸥	Chángchì'ōu
279	Pelipper	大嘴鷗	大嘴鸥	Dàzuǐ'ōu
280	Ralts	拉魯拉絲	拉鲁拉丝	Lālǔlāsī
281	Kirlia	奇魯莉安	奇鲁莉安	Qílǔlì'ān
282	Gardevoir	沙奈朵	沙奈朵	Shānàiduǒ
283	Surskit	溜溜糖球	溜溜糖球	Liūliūtángqiú
284	Masquerain	雨翅蛾	雨翅蛾	Yǔchì'é
285	Shroomish	蘑蘑菇	蘑蘑菇	Mómógū
286	Breloom	斗笠菇	斗笠菇	Dǒulìgū
287	Slakoth	懶人獺	懒人獭	LǎnréntàLǎnréntǎ
288	Vigoroth	過動猿	过动猿	Guòdòngyuán
289	Slaking	請假王	请假王	Qǐngjiàwáng
290	Nincada	土居忍士	土居忍士	Tǔjūrěnshì
291	Ninjask	鐵面忍者	铁面忍者	Tiěmiànrěnzhě
292	Shedinja	脫殼忍者	脱壳忍者	Tuōkérěnzhě
293	Whismur	咕妞妞	咕妞妞	Gūniūniū
294	Loudred	吼爆彈	吼爆弹	Hǒubàodàn
295	Exploud	爆音怪	爆音怪	Bàoyīnguài
296	Makuhita	幕下力士	幕下力士	Mùxiàlìshì
297	Hariyama	鐵掌力士	铁掌力士	Tiězhǎnglìshì
298	Azurill	露力麗	露力丽	Lùlìlì
299	Nosepass	朝北鼻	朝北鼻	Cháoběibí
300	Skitty	向尾喵	向尾喵	Xiàngwěimiāo
301	Delcatty	優雅貓	优雅猫	Yōuyǎmāo
302	Sableye	勾魂眼	勾魂眼	Gōuhúnyǎn
303	Mawile	大嘴娃	大嘴娃	Dàzuǐwá
304	Aron	可可多拉	可可多拉	Kěkěduōlā
305	Lairon	可多拉	可多拉	Kěduōlā
306	Aggron	波士可多拉	波士可多拉	Bōshìkěduōlā
307	Meditite	瑪沙那	玛沙那	Mǎshānà
308	Medicham	恰雷姆	恰雷姆	Qiàléimǔ
309	Electrike	落雷獸	落雷兽	Luòléishòu
310	Manectric	雷電獸	雷电兽	Léidiànshòu
311	Plusle	正電拍拍	正电拍拍	Zhèngdiànpāipāi
312	Minun	負電拍拍	负电拍拍	Fùdiànpāipāi
313	Volbeat	電螢蟲	电萤虫	Diànyíngchóng
314	Illumise	甜甜螢	甜甜萤	Tiántiányíng
315	Roselia	毒薔薇	毒蔷薇	DúqiángwéiDúqiángwēi
316	Gulpin	溶食獸	溶食兽	Róngshíshòu
317	Swalot	吞食獸	吞食兽	Tūnshíshòu
318	Carvanha	利牙魚	利牙鱼	Lìyáyú
319	Sharpedo	巨牙鯊	巨牙鲨	Jùyáshā
320	Wailmer	吼吼鯨	吼吼鲸	Hǒuhǒujīng
321	Wailord	吼鯨王	吼鲸王	Hǒujīngwáng
322	Numel	呆火駝	呆火驼	Dāihuǒtuó
323	Camerupt	噴火駝	喷火驼	Pēnhuǒtuó
324	Torkoal	煤炭龜	煤炭龟	Méitàngūi
325	Spoink	跳跳豬	跳跳猪	Tiàotiàozhū
326	Grumpig	噗噗豬	噗噗猪	Pūpūzhū
327	Spinda	晃晃斑	晃晃斑	Huànghuàngbān
328	Trapinch	大顎蟻	大颚蚁	Dà'èyǐ
329	Vibrava	超音波幼蟲	超音波幼虫	Chāoyīnbōyòuchóng
330	Flygon	沙漠蜻蜓	沙漠蜻蜓	Shāmòqīngtíng
331	Cacnea	刺球仙人掌	刺球仙人掌	Cìqiúxiānrénzhǎng
332	Cacturne	夢歌仙人掌	梦歌仙人掌	Mènggēxiānrénzhǎng
333	Swablu	青綿鳥	青绵鸟	Qīngmiánniǎo
334	Altaria	七夕青鳥	七夕青鸟	Qīxìqīngniǎo
335	Zangoose	貓鼬斬	猫鼬斩	Māoyòuzhǎn
336	Seviper	飯匙蛇	饭匙蛇	Fànchíshé
337	Lunatone	月石	月石	Yuèshí
338	Solrock	太陽岩	太阳岩	Tàiyángyán
339	Barboach	泥泥鰍	泥泥鳅	Níníqiū
340	Whiscash	鯰魚王	鲶鱼王	Niányúwáng
341	Corphish	龍蝦小兵	龙虾小兵	Lóngxiāxiǎobīng
342	Crawdaunt	鐵螯龍蝦	铁螯龙虾	Tiě'áolóngxiā
343	Baltoy	天秤偶	天秤偶	Tiānpíng'ǒu
344	Claydol	念力土偶	念力土偶	Niànlìtǔ'ōu
345	Lileep	觸手百合	触手百合	Chùshǒubǎihé
346	Cradily	搖籃百合	摇篮百合	Yáolánbǎihé
347	Anorith	太古羽蟲	太古羽虫	Tàigǔyǔchóng
348	Armaldo	太古盔甲	太古盔甲	Tàigǔkuījiǎ
349	Feebas	醜醜魚	丑丑鱼	Chǒuchǒuyú
350	Milotic	美納斯	美纳斯	Měinàsī
351	Castform	飄浮泡泡	飘浮泡泡	Piāofúpàopào
352	Kecleon	變隱龍	变隐龙	Biànyǐnlóng
353	Shuppet	怨影娃娃	怨影娃娃	Yuànyǐngwáwá
354	Banette	詛咒娃娃	诅咒娃娃	Zǔzhòuwáwá
355	Duskull	夜巡靈	夜巡灵	Yèxúnlíng
356	Dusclops	彷徨夜靈	彷徨夜灵	Fǎnghuángyèlíng
357	Tropius	熱帶龍	热带龙	Rèdàilóng
358	Chimecho	風鈴鈴	风铃铃	Fēnglínglíng
359	Absol	阿勃梭魯	阿勃梭鲁	Ābósuōlǔ
360	Wynaut	小果然	小果然	Xiǎoguǒrán
361	Snorunt	雪童子	雪童子	Xuětóngzǐ
362	Glalie	冰鬼護	冰鬼护	Bīngguǐhù
363	Spheal	海豹球	海豹球	Hǎibàoqiú
364	Sealeo	海魔獅	海魔狮	Hǎimóshī
365	Walrein	帝牙海獅	帝牙海狮	Dìyǎhǎishī
366	Clamperl	珍珠貝	珍珠贝	Zhēnzhūbèi
367	Huntail	獵斑魚	猎斑鱼	Lièbānyú
368	Gorebyss	櫻花魚	樱花鱼	Yīnghuāyú
369	Relicanth	古空棘魚	古空棘鱼	Gǔkōngjíyú
370	Luvdisc	愛心魚	爱心鱼	Àixīnyú
371	Bagon	寶貝龍	宝贝龙	Bǎobèilóng
372	Shelgon	甲殼龍	甲壳龙	Jiákēlóng
373	Salamence	暴飛龍	暴飞龙	Bàofēilóng
374	Beldum	鐵啞鈴	铁哑铃	Tiéyǎlíng
375	Metang	金屬怪	金属怪	Jīnshǔguài
376	Metagross	巨金怪	巨金怪	Jùjīnguài
377	Regirock	雷吉洛克	雷吉洛克	Léijīluòkě
378	Regice	雷吉艾斯	雷吉艾斯	Léijī'àisī
379	Registeel	雷吉斯奇魯	雷吉斯奇鲁	Léijīsīqílù
380	Latias	拉帝亞斯	拉帝亚斯	LādìyǎsīLādìyāsī
381	Latios	拉帝歐斯	拉帝欧斯	Lādì'ōusī
382	Kyogre	蓋歐卡	盖欧卡	Gài'ōukǎ
383	Groudon	固拉多	固拉多	Gūlādūo
384	Rayquaza	烈空坐	烈空坐	Lièkōngzuò
385	Jirachi	基拉祈	基拉祈	Jīlāqí
386	Deoxys	代歐奇希斯	代欧奇希斯	Dài'ōuqíxīsī
387	Turtwig	草苗龜	草苗龟	Cǎomiáoguī
388	Grotle	樹林龜	树林龟	Shùlínguī
389	Torterra	土台龜	土台龟	Tǔtáiguī
390	Chimchar	小火焰猴	小火焰猴	Xiǎohuǒyànhóu
391	Monferno	猛火猴	猛火猴	Měnghuǒhóu
392	Infernape	烈焰猴	烈焰猴	Lièyànhóu
393	Piplup	波加曼	波加曼	Bōjiāmàn
394	Prinplup	波皇子	波皇子	Bōwángzǐ
395	Empoleon	帝王拿波	帝王拿波	Dìwángnábō
396	Starly	姆克兒	姆克儿	Mǔkè'ér
397	Staravia	姆克鳥	姆克鸟	Mǔkèniǎo
398	Staraptor	姆克鷹	姆克鹰	Mǔkèyīng
399	Bidoof	大牙狸	大牙狸	Dàyálí
400	Bibarel	大尾狸	大尾狸	Dàwěilí
401	Kricketot	圓法師	圆法师	Yuánfǎshī
402	Kricketune	音箱蟀	音箱蟀	Yīnxiāngshuài
403	Shinx	小貓怪	小猫怪	Xiǎomāoguài
404	Luxio	勒克貓	勒克猫	Lèkèmāo
405	Luxray	倫琴貓	伦琴猫	Lúnqínmāo
406	Budew	含羞苞	含羞苞	Hánxiūbāo
407	Roserade	羅絲雷朵	罗丝雷朵	Luósīléiduǒ
408	Cranidos	頭蓋龍	头盖龙	Tóugàilóng
409	Rampardos	戰槌龍	战槌龙	Zhànchuílóng
410	Shieldon	盾甲龍	盾甲龙	Dùnjiǎlóng
411	Bastiodon	護城龍	护城龙	Hùchénglóng
412	Burmy	結草兒	结草儿	Jiécǎo'ér
413	Wormadam	結草貴婦	结草贵妇	Jiécǎoguìfù
414	Mothim	紳士蛾	绅士蛾	Shēnshì'é
415	Combee	三蜜蜂	三蜜蜂	Sānmìfēng
416	Vespiquen	蜂女王	蜂女王	Fēngnǚwáng
417	Pachirisu	帕奇利茲	帕奇利兹	Pàqílìzī
418	Buizel	泳圈鼬	泳圈鼬	Yǒngquānyòu
419	Floatzel	浮潛鼬	浮潜鼬	Fúqiǎnyòu
420	Cherubi	櫻花寶	樱花宝	Yīnghuābǎo
421	Cherrim	櫻花兒	樱花儿	Yīnghuā'ér
422	Shellos	無殼海兔	无壳海兔	Wúkéhǎitù
423	Gastrodon	海兔獸	海兔兽	Hǎitùshòu
424	Ambipom	雙尾怪手	双尾怪手	Shuāngwěiguàishǒu
425	Drifloon	飄飄球	飘飘球	Piāopiāoqiú
426	Drifblim	隨風球	随风球	Suífēngqiú
427	Buneary	捲捲耳	卷卷耳	Juǎnjuǎn'ěr
428	Lopunny	長耳兔	长耳兔	Cháng'ěrtù
429	Mismagius	夢妖魔	梦妖魔	Mèngyāomó
430	Honchkrow	烏鴉頭頭	乌鸦头头	Wūyātóutóu
431	Glameow	魅力喵	魅力喵	Mèilìmiāo
432	Purugly	東施喵	东施喵	Dōngshīmiāo
433	Chingling	鈴鐺響	铃铛响	Língdāngxiǎng
434	Stunky	臭鼬噗	臭鼬噗	Chòuyòupū
435	Skuntank	坦克臭鼬	坦克臭鼬	Tǎnkèchòuyòu
436	Bronzor	銅鏡怪	铜镜怪	Tóngjìngguài
437	Bronzong	青銅鐘	青铜钟	Qīngtóngzhōng
438	Bonsly	盆才怪	盆才怪	Péncáiguài
439	Mime Jr.	魔尼尼	魔尼尼	Móníní
440	Happiny	小福蛋	小福蛋	Xiǎofúdàn
441	Chatot	聒噪鳥	聒噪鸟	Guāzàoniǎo
442	Spiritomb	花岩怪	花岩怪	Huāyánguài
443	Gible	圓陸鯊	圆陆鲨	Yuánlùshā
444	Gabite	尖牙陸鯊	尖牙陆鲨	Jiānyálùshā
445	Garchomp	烈咬陸鯊	烈咬陆鲨	Lièyǎolùshā
446	Munchlax	小卡比獸	小卡比兽	Xiǎokǎbǐshòu
447	Riolu	利歐路	利欧路	Lì'ōulù
448	Lucario	路卡利歐	路卡利欧	Lùkǎlì'ōu
449	Hippopotas	沙河馬	沙河马	Shāhémǎ
450	Hippowdon	河馬獸	河马兽	Hémǎshòu
451	Skorupi	鉗尾蠍	钳尾蝎	Qiánwěixiē
452	Drapion	龍王蠍	龙王蝎	Lóngwángxiē
453	Croagunk	不良蛙	不良蛙	Bùliángwā
454	Toxicroak	毒骷蛙	毒骷蛙	Dúkūwā
455	Carnivine	尖牙籠	尖牙笼	Jiānyálóng
456	Finneon	螢光魚	荧光鱼	Yíngguāngyú
457	Lumineon	霓虹魚	霓虹鱼	Níhóngyú
458	Mantyke	小球飛魚	小球飞鱼	Xiǎoqiúfēiyú
459	Snover	雪笠怪	雪笠怪	Xuělìguài
460	Abomasnow	暴雪王	暴雪王	Bàoxuěwáng
461	Weavile	瑪狃拉	玛狃拉	Mǎniǔlā
462	Magnezone	自爆磁怪	自爆磁怪	Zìbàocíguài
463	Lickilicky	大舌舔	大舌舔	Dàshétiǎn
464	Rhyperior	超甲狂犀	超甲狂犀	Chāojiǎkuángxī
465	Tangrowth	巨蔓藤	巨蔓藤	Jùmànténg
466	Electivire	電擊魔獸	电击魔兽	DiànjímóshòuDiànjīmóshòu
467	Magmortar	鴨嘴炎獸	鸭嘴炎兽	Yāzuǐyánshòu
468	Togekiss	波克基斯	波克基斯	Bōkèjīsī
469	Yanmega	遠古巨蜓	远古巨蜓	Yuǎngǔjùtíng
470	Leafeon	葉伊布	叶伊布	Yèyībù
471	Glaceon	冰伊布	冰伊布	Bīngyībù
472	Gliscor	天蠍王	天蝎王	Tiānxiēwáng
473	Mamoswine	象牙豬	象牙猪	Xiàngyázhū
474	Porygon-Z	多邊獸Ｚ	多边兽乙型	Duōbiānshòu-ZDuōbiānshòu Yǐxíng
475	Gallade	艾路雷朵	艾路雷朵	Àilùléiduǒ
476	Probopass	大朝北鼻	大朝北鼻	Dàcháoběibí
477	Dusknoir	黑夜魔靈	黑夜魔灵	Hēiyèmólíng
478	Froslass	雪妖女	雪妖女	Xuěyāonǚ
479	Rotom	洛托姆	洛托姆	Luòtuōmǔ
480	Uxie	由克希	由克希	Yóukèxī
481	Mesprit	艾姆利多	艾姆利多	Àimǔlìduō
482	Azelf	亞克諾姆	亚克诺姆	YǎkènuòmǔYàkènuòmǔ
483	Dialga	帝牙盧卡	帝牙卢卡	Dìyálúkǎ
484	Palkia	帕路奇亞	帕路奇亚	PàlùqíyǎPàlùqíyà
485	Heatran	席多藍恩	席多蓝恩	Xíduōlán'ēn
486	Regigigas	雷吉奇卡斯	雷吉奇卡斯	Léijíqíkǎsī
487	Giratina	騎拉帝納	骑拉帝纳	Qílādìnà
488	Cresselia	克雷色利亞	克雷色利亚	KèléisèlìyǎKèléisèlìyà
489	Phione	霏歐納	霏欧纳	Fēi'ōunà
490	Manaphy	瑪納霏	玛纳霏	Mǎnàfēi
491	Darkrai	達克萊伊	达克莱伊	Dákèláiyī
492	Shaymin	謝米	谢米	Xièmǐ
493	Arceus	阿爾宙斯	阿尔宙斯	Ā'ěrzhòusī
494	Victini	比克提尼	比克提尼	Bǐkètíní
495	Snivy	藤藤蛇	藤藤蛇	Téngténgshé
496	Servine	青藤蛇	青藤蛇	Qīngténgshé
497	Serperior	君主蛇	君主蛇	Jūnzhǔshé
498	Tepig	暖暖豬	暖暖猪	Nuǎnnuǎnzhū
499	Pignite	炒炒豬	炒炒猪	Chǎochǎozhū
500	Emboar	炎武王	炎武王	Yánwǔwáng
501	Oshawott	水水獺	水水獭	ShuǐshuǐtàShuǐshuǐtǎ
502	Dewott	雙刃丸	双刃丸	Shuāngrènwán
503	Samurott	大劍鬼	大剑鬼	Dàjiànguǐ
504	Patrat	探探鼠	探探鼠	Tàntànshǔ
505	Watchog	步哨鼠	步哨鼠	Bùshàoshǔ
506	Lillipup	小約克	小约克	Xiǎoyuēkè
507	Herdier	哈約克	哈约克	Hāyuēkè
508	Stoutland	長毛狗	长毛狗	Chángmáogǒu
509	Purrloin	扒手貓	扒手猫	Páshǒumāo
510	Liepard	酷豹	酷豹	Kùbào
511	Pansage	花椰猴	花椰猴	Huāyéhóu
512	Simisage	花椰猿	花椰猿	Huāyéyuán
513	Pansear	爆香猴	爆香猴	Bàoxiānghóu
514	Simisear	爆香猿	爆香猿	Bàoxiāngyuán
515	Panpour	冷水猴	冷水猴	Lěngshuǐhóu
516	Simipour	冷水猿	冷水猿	Lěngshuǐyuán
517	Munna	食夢夢	食梦梦	Shímèngmèng
518	Musharna	夢夢蝕	梦梦蚀	Mèngmèngshí
519	Pidove	豆豆鴿	豆豆鸽	Dòudòugē
520	Tranquill	咕咕鴿	咕咕鸽	Gūgūgē
521	Unfezant	高傲雉雞	高傲雉鸡	Gāo'àozhìjī
522	Blitzle	斑斑馬	斑斑马	Bānbānmǎ
523	Zebstrika	雷電斑馬	雷电斑马	Léidiànbānmǎ
524	Roggenrola	石丸子	石丸子	Shíwánzi
525	Boldore	地幔岩	地幔岩	Dìmànyán
526	Gigalith	龐岩怪	庞岩怪	Pángyánguài
527	Woobat	滾滾蝙蝠	滚滚蝙蝠	Gǔngǔnbiānfú
528	Swoobat	心蝙蝠	心蝙蝠	Xīnbiānfú
529	Drilbur	螺釘地鼠	螺钉地鼠	Luódīngdìshǔ
530	Excadrill	龍頭地鼠	龙头地鼠	Lóngtóudìshǔ
531	Audino	差不多娃娃	差不多娃娃	Chàbùduōwáwá
532	Timburr	搬運小匠	搬运小匠	Bānyùnxiǎojiàng
533	Gurdurr	鐵骨土人	铁骨土人	Tiěgǔtǔrén
534	Conkeldurr	修建老匠	修建老匠	Xiūjiànlǎojiàng
535	Tympole	圓蝌蚪	圆蝌蚪	Yuánkēdǒu
536	Palpitoad	藍蟾蜍	蓝蟾蜍	Lánchánchú
537	Seismitoad	蟾蜍王	蟾蜍王	Chánchúwáng
538	Throh	投摔鬼	投摔鬼	Tóushuāiguǐ
539	Sawk	打擊鬼	打击鬼	DǎjíguǐDǎjīguǐ
540	Sewaddle	蟲寶包	虫宝包	Chóngbǎobāo
541	Swadloon	寶包繭	宝包茧	Bǎobāojiǎn
542	Leavanny	保母蟲	保姆虫	Bǎomǔchóng
543	Venipede	百足蜈蚣	百足蜈蚣	Bǎizúwúgōng
544	Whirlipede	車輪毬	车轮球	Chēlúnqiú
545	Scolipede	蜈蚣王	蜈蚣王	Wúgōngwáng
546	Cottonee	木棉球	木棉球	Mùmiánqiú
547	Whimsicott	風妖精	风妖精	Fēngyāojing
548	Petilil	百合根娃娃	百合根娃娃	Bǎihégēnwáwá
549	Lilligant	裙兒小姐	裙儿小姐	Qún'érxiǎojiě
550	Basculin	野蠻鱸魚	野蛮鲈鱼	Yěmánlúyú
551	Sandile	黑眼鱷	黑眼鳄	Hēiyǎn'è
552	Krokorok	混混鱷	混混鳄	Hùnhun'è
553	Krookodile	流氓鱷	流氓鳄	Liúmáng'è
554	Darumaka	火紅不倒翁	火红不倒翁	Huǒhóngbùdǎowēng
555	Darmanitan	達摩狒狒	达摩狒狒	Dámófèifèi
556	Maractus	沙鈴仙人掌	沙铃仙人掌	Shālíngxiānrénzhǎng
557	Dwebble	石居蟹	石居蟹	Shíjūxiè
558	Crustle	岩殿居蟹	岩殿居蟹	Yándiànjūxiè
559	Scraggy	滑滑小子	滑滑小子	Huáhuáxiǎozi
560	Scrafty	頭巾混混	头巾混混	Tóujīnhùnhun
561	Sigilyph	象徵鳥	象征鸟	Xiàngzhēngniǎo
562	Yamask	哭哭面具	哭哭面具	Kūkūmiànjù
563	Cofagrigus	死神棺	迭失棺	SǐshénguānDiéshīguān
564	Tirtouga	原蓋海龜	原盖海龟	Yuángàihǎiguī
565	Carracosta	肋骨海龜	肋骨海龟	Lèigǔhǎiguī
566	Archen	始祖小鳥	始祖小鸟	Shǐzǔxiǎoniǎo
567	Archeops	始祖大鳥	始祖大鸟	Shǐzǔdàniǎo
568	Trubbish	破破袋	破破袋	Pòpòdài
569	Garbodor	灰塵山	灰尘山	Huīchénshān
570	Zorua	索羅亞	索罗亚	SuǒluóyǎSuǒluóyà
571	Zoroark	索羅亞克	索罗亚克	SuǒluóyǎkèSuǒluóyàkè
572	Minccino	泡沫栗鼠	泡沫栗鼠	Pàomòlìshǔ
573	Cinccino	奇諾栗鼠	奇诺栗鼠	Qínuòlìshǔ
574	Gothita	哥德寶寶	哥德宝宝	Gēdébǎobao
575	Gothorita	哥德小童	哥德小童	Gēdéxiǎotóng
576	Gothitelle	哥德小姐	哥德小姐	Gēdéxiǎojiě
577	Solosis	單卵細胞球	单卵细胞球	Dānluǎnxìbāoqiú
578	Duosion	雙卵細胞球	双卵细胞球	Shuāngluǎnxìbāoqiú
579	Reuniclus	人造細胞卵	人造细胞卵	Rénzàoxìbāoluǎn
580	Ducklett	鴨寶寶	鸭宝宝	Yābǎobao
581	Swanna	舞天鵝	舞天鹅	Wǔtiān'é
582	Vanillite	迷你冰	迷你冰	Mínǐbīng
583	Vanillish	多多冰	多多冰	Duōduōbīng
584	Vanilluxe	雙倍多多冰	双倍多多冰	Shuāngbèiduōduōbīng
585	Deerling	四季鹿	四季鹿	Sìjìlù
586	Sawsbuck	萌芽鹿	萌芽鹿	Méngyálù
587	Emolga	電飛鼠	电飞鼠	Diànfēishǔ
588	Karrablast	蓋蓋蟲	盖盖虫	Gàigàichóng
589	Escavalier	騎士蝸牛	骑士蜗牛	QíshìguāniúQíshìwōniú
590	Foongus	哎呀球菇	哎呀球菇	Āiyāqiúgū
591	Amoonguss	敗露球菇	败露球菇	Bàilùqiúgū
592	Frillish	輕飄飄	轻飘飘	Qīngpiāopiāo
593	Jellicent	胖嘟嘟	胖嘟嘟	Pàngdūdū
594	Alomomola	保母曼波	保姆曼波	Bǎomǔmànbō
595	Joltik	電電蟲	电电虫	Diàndiànchóng
596	Galvantula	電蜘蛛	电蜘蛛	Diànzhīzhū
597	Ferroseed	種子鐵球	种子铁球	Zhǒngzǐtiěqiú
598	Ferrothorn	堅果啞鈴	坚果哑铃	Jiānguǒyǎlíng
599	Klink	齒輪兒	齿轮儿	Chǐlún'ér
600	Klang	齒輪組	齿轮组	Chǐlúnzǔ
601	Klinklang	齒輪怪	齿轮怪	Chǐlúnguài
602	Tynamo	麻麻小魚	麻麻小鱼	Mámáxiǎoyú
603	Eelektrik	麻麻鰻	麻麻鳗	Mámámán
604	Eelektross	麻麻鰻魚王	麻麻鳗鱼王	Mámámányúwáng
605	Elgyem	小灰怪	小灰怪	Xiǎohuīguài
606	Beheeyem	大宇怪	大宇怪	Dàyǔguài
607	Litwick	燭光靈	烛光灵	Zhúguānglíng
608	Lampent	燈火幽靈	灯火幽灵	Dēnghuǒyōulíng
609	Chandelure	水晶燈火靈	水晶灯火灵	Shuǐjīngdēnghuǒlíng
610	Axew	牙牙	牙牙	Yáyá
611	Fraxure	斧牙龍	斧牙龙	Fǔyálóng
612	Haxorus	雙斧戰龍	双斧战龙	Shuāngfǔzhànlóng
613	Cubchoo	噴嚏熊	喷嚏熊	Pēntìxióng
614	Beartic	凍原熊	冻原熊	Dòngyuánxióng
615	Cryogonal	幾何雪花	几何雪花	Jǐhéxuěhuā
616	Shelmet	小嘴蝸	小嘴蜗	XiǎozuǐguāXiǎozuǐwō
617	Accelgor	敏捷蟲	敏捷虫	Mǐnjiéchóng
618	Stunfisk	泥巴魚	泥巴鱼	Níbāyú
619	Mienfoo	功夫鼬	功夫鼬	Gōngfuyòu
620	Mienshao	師父鼬	师父鼬	Shīfuyòu
621	Druddigon	赤面龍	赤面龙	Chìmiànlóng
622	Golett	泥偶小人	泥偶小人	Ní'ǒuxiǎorén
623	Golurk	泥偶巨人	泥偶巨人	Ní'ǒujùrén
624	Pawniard	駒刀小兵	驹刀小兵	Jūdāoxiǎobīng
625	Bisharp	劈斬司令	劈斩司令	Pīzhǎnsīlìng
626	Bouffalant	爆炸頭水牛	爆炸头水牛	Bàozhàtóushuǐniú
627	Rufflet	毛頭小鷹	毛头小鹰	Máotóuxiǎoyīng
628	Braviary	勇士雄鷹	勇士雄鹰	Yǒngshìxióngyīng
629	Vullaby	禿鷹丫頭	秃鹰丫头	Tūyīngyātou
630	Mandibuzz	禿鷹娜	秃鹰娜	Tūyīngnà
631	Heatmor	熔蟻獸	熔蚁兽	Róngyǐshòu
632	Durant	鐵蟻	铁蚁	Tiěyǐ
633	Deino	單首龍	单首龙	Dānshǒulóng
634	Zweilous	雙首暴龍	双首暴龙	Shuāngshǒubàolóng
635	Hydreigon	三首惡龍	三首恶龙	Sānshǒu'èlóng
636	Larvesta	燃燒蟲	燃烧虫	Ránshāochóng
637	Volcarona	火神蛾	火神蛾	Huǒshén'é
638	Cobalion	勾帕路翁	勾帕路翁	Gōupàlùwēng
639	Terrakion	代拉基翁	代拉基翁	Dàilājīwēng
640	Virizion	畢力吉翁	毕力吉翁	Bìlìjíwēng
641	Tornadus	龍捲雲	龙卷云	Lóngjuǎnyún
642	Thundurus	雷電雲	雷电云	Léidiànyún
643	Reshiram	萊希拉姆	莱希拉姆	Láixīlāmǔ
644	Zekrom	捷克羅姆	捷克罗姆	Jiékèluómǔ
645	Landorus	土地雲	土地云	Tǔdìyún
646	Kyurem	酋雷姆	酋雷姆	Qiúléimǔ
647	Keldeo	凱路迪歐	凯路迪欧	Kǎilùdí'ōu
648	Meloetta	美洛耶塔	美洛耶塔	Měiluòyétǎ
649	Genesect	蓋諾賽克特	盖诺赛克特	Gàinuòsàikètè
650	Chespin	哈力栗	哈力栗	Hālìlì
651	Quilladin	胖胖哈力	胖胖哈力	Pàngpànghālì
652	Chesnaught	布里卡隆	布里卡隆	Bùlǐkǎlóng
653	Fennekin	火狐狸	火狐狸	Huǒhúlí
654	Braixen	長尾火狐	长尾火狐	Chángwěihuǒhú
655	Delphox	妖火紅狐	妖火红狐	Yāohuǒhónghú
656	Froakie	呱呱泡蛙	呱呱泡蛙	Guāguāpàowā
657	Frogadier	呱頭蛙	呱头蛙	Guātóuwā
658	Greninja	甲賀忍蛙	甲贺忍蛙	Jiǎhèrěnwā
659	Bunnelby	掘掘兔	掘掘兔	Juéjuétù
660	Diggersby	掘地兔	掘地兔	Juédìtù
661	Fletchling	小箭雀	小箭雀	Xiǎojiànquè
662	Fletchinder	火箭雀	火箭雀	Huǒjiànquè
663	Talonflame	烈箭鷹	烈箭鹰	Lièjiànyīng
664	Scatterbug	粉蝶蟲	粉蝶虫	Fěndiéchóng
665	Spewpa	粉蝶蛹	粉蝶蛹	Fěndiéyǒng
666	Vivillon	彩粉蝶	彩粉蝶	Cǎifěndié
667	Litleo	小獅獅	小狮狮	Xiǎoshīshī
668	Pyroar	火炎獅	火炎狮	Huǒyánshī
669	Flabébé	花蓓蓓	花蓓蓓	Huābèibèi
670	Floette	花葉蒂	花叶蒂	Huāyèdì
671	Florges	花潔夫人	花洁夫人	Huājiéfūrén
672	Skiddo	坐騎小羊	坐骑小羊	Zuòqíxiǎoyáng
673	Gogoat	坐騎山羊	坐骑山羊	Zuòqíshānyáng
674	Pancham	頑皮熊貓	顽皮熊猫	Wánpíxióngmāo
675	Pangoro	流氓熊貓	霸道熊猫	LiúmángxióngmāoBàdàoxióngmāo
676	Furfrou	多麗米亞	多丽米亚	DuōlìmǐyǎDuōlìmǐyà
677	Espurr	妙喵	妙喵	Miàomiāo
678	Meowstic	超能妙喵	超能妙喵	Chāonéngmiàomiāo
679	Honedge	獨劍鞘	独剑鞘	Dújiànqiào
680	Doublade	雙劍鞘	双剑鞘	Shuāngjiànqiào
681	Aegislash	堅盾劍怪	坚盾剑怪	Jiāndùnjiànguài
682	Spritzee	粉香香	粉香香	Fěnxiāngxiāng
683	Aromatisse	芳香精	芳香精	Fāngxiāngjīng
684	Swirlix	綿綿泡芙	绵绵泡芙	Miánmiánpàofú
685	Slurpuff	胖甜妮	胖甜妮	PàngtiánníPàngtiánnī
686	Inkay	好啦魷	好啦鱿	Hǎolayóu
687	Malamar	烏賊王	乌贼王	Wūzéiwáng
688	Binacle	龜腳腳	龟脚脚	Guījiǎojiǎo
689	Barbaracle	龜足巨鎧	龟足巨铠	Guīzújùkǎi
690	Skrelp	垃垃藻	垃垃藻	LèlèzǎoLālāzǎo
691	Dragalge	毒藻龍	毒藻龙	Dúzǎolóng
692	Clauncher	鐵臂槍蝦	铁臂枪虾	Tiěbìqiāngxiā
693	Clawitzer	鋼炮臂蝦	钢炮臂虾	Gāngpàobìxiā
694	Helioptile	傘電蜥	伞电蜥	Sǎndiànxī
695	Heliolisk	光電傘蜥	光电伞蜥	Guāngdiànsǎnxī
696	Tyrunt	寶寶暴龍	宝宝暴龙	Bǎobaobàolóng
697	Tyrantrum	怪顎龍	怪颚龙	Guài'èlóng
698	Amaura	冰雪龍	冰雪龙	Bīngxuělóng
699	Aurorus	冰雪巨龍	冰雪巨龙	Bīngxuějùlóng
700	Sylveon	仙子伊布	仙子伊布	Xiānzǐyībù
701	Hawlucha	摔角鷹人	摔角鹰人	Shuāijiǎoyīngrén
702	Dedenne	咚咚鼠	咚咚鼠	Dōngdōngshǔ
703	Carbink	小碎鑽	小碎钻	Xiǎosuìzuàn
704	Goomy	黏黏寶	黏黏宝	Niánniánbǎo
705	Sliggoo	黏美兒	黏美儿	Niánměi'er
706	Goodra	黏美龍	黏美龙	Niánměilóng
707	Klefki	鑰圈兒	钥圈儿	Yàoquān'ér
708	Phantump	小木靈	小木灵	Xiǎomùlíng
709	Trevenant	朽木妖	朽木妖	Xiǔmùyāo
710	Pumpkaboo	南瓜精	南瓜精	Nánguājīng
711	Gourgeist	南瓜怪人	南瓜怪人	Nánguāguàirén
712	Bergmite	冰寶	冰宝	Bīngbǎo
713	Avalugg	冰岩怪	冰岩怪	Bīngyánguài
714	Noibat	嗡蝠	嗡蝠	Wēngfú
715	Noivern	音波龍	音波龙	Yīnbōlóng
716	Xerneas	哲爾尼亞斯	哲尔尼亚斯	Zhé'ěrníyǎsīZhé'ěrníyàsī
717	Yveltal	伊裴爾塔爾	伊裴尔塔尔	Yīpéi'ěrtǎ'ěr
718	Zygarde	基格爾德	基格尔德	Jīgé'ěrdé
719	Diancie	蒂安希	蒂安希	Dì'ānxī
720	Hoopa	胡帕	胡帕	Húpà
721	Volcanion	波爾凱尼恩	波尔凯尼恩	Bō'ěrkǎiní'ēn
722	Rowlet	木木梟	木木枭	Mùmùxiāo
723	Dartrix	投羽梟	投羽枭	Tóuyǔxiāo
724	Decidueye	狙射樹梟	狙射树枭	Jūshèshùxiāo
725	Litten	火斑喵	火斑喵	Huǒbānmiāo
726	Torracat	炎熱喵	炎热喵	Yánrèmiāo
727	Incineroar	熾焰咆哮虎	炽焰咆哮虎	Chìyànpáoxiāohǔ
728	Popplio	球球海獅	球球海狮	Qiúqiúhǎishī
729	Brionne	花漾海獅	花漾海狮	Huāyànghǎishī
730	Primarina	西獅海壬	西狮海壬	Xīshīhǎirén
731	Pikipek	小篤兒	小笃儿	Xiǎodǔ'ér
732	Trumbeak	喇叭啄鳥	喇叭啄鸟	Lǎbāzhuóniǎo
733	Toucannon	銃嘴大鳥	铳嘴大鸟	Chòngzuǐdàniǎo
734	Yungoos	貓鼬少	猫鼬少	Māoyòushào
735	Gumshoos	貓鼬探長	猫鼬探长	Māoyòutànzhǎng
736	Grubbin	強顎雞母蟲	强颚鸡母虫	Qiáng'èjīmǔchóng
737	Charjabug	蟲電寶	虫电宝	Chóngdiànbǎo
738	Vikavolt	鍬農炮蟲	锹农炮虫	Qiāonóngpàochóng
739	Crabrawler	好勝蟹	好胜蟹	Hàoshèngxiè
740	Crabominable	好勝毛蟹	好胜毛蟹	Hàoshèngmáoxiè
741	Oricorio	花舞鳥	花舞鸟	Huāwǔniǎo
742	Cutiefly	萌虻	萌虻	Méngméng
743	Ribombee	蝶結萌虻	蝶结萌虻	Diéjiéméngméng
744	Rockruff	岩狗狗	岩狗狗	Yángǒugǒu
745	Lycanroc	鬃岩狼人	鬃岩狼人	Zōngyánlángrén
746	Wishiwashi	弱丁魚	弱丁鱼	Ruòdīngyú
747	Mareanie	好壞星	好坏星	Hǎohuàixīng
748	Toxapex	超壞星	超坏星	Chāohuàixīng
749	Mudbray	泥驢仔	泥驴仔	Nílǘzǎi
750	Mudsdale	重泥挽馬	重泥挽马	Zhòngníwǎnmǎ
751	Dewpider	滴蛛	滴蛛	Dīzhū
752	Araquanid	滴蛛霸	滴蛛霸	Dīzhūbà
753	Fomantis	偽螳草	伪螳草	Wěitángcǎo
754	Lurantis	蘭螳花	兰螳花	Lántánghuā
755	Morelull	睡睡菇	睡睡菇	Shuìshuìgū
756	Shiinotic	燈罩夜菇	灯罩夜菇	Dēngzhàoyègū
757	Salandit	夜盜火蜥	夜盗火蜥	Yèdàohuǒxī
758	Salazzle	焰后蜥	焰后蜥	Yànhòuxī
759	Stufful	童偶熊	童偶熊	Tóng'ǒuxióng
760	Bewear	穿著熊	穿着熊	Chuānzhuóxióng
761	Bounsweet	甜竹竹	甜竹竹	Tiánzhúzhú
762	Steenee	甜舞妮	甜舞妮	TiánwǔníTiánwǔnī
763	Tsareena	甜冷美后	甜冷美后	Tiánlěngměihòu
764	Comfey	花療環環	花疗环环	Huāliáohuánhuán
765	Oranguru	智揮猩	智挥猩	Zhìhuīxīng
766	Passimian	投擲猴	投掷猴	TóuzhíhóuTóuzhìhóu
767	Wimpod	膽小蟲	胆小虫	Dǎnxiǎochóng
768	Golisopod	具甲武者	具甲武者	Jùjiǎwǔzhě
769	Sandygast	沙丘娃	沙丘娃	Shāqiūwá
770	Palossand	噬沙堡爺	噬沙堡爷	Shìshābǎoyé
771	Pyukumuku	拳海參	拳海参	Quánhǎishēn
772	Type: Null	屬性：空	属性：空	Shǔxìng: Kōng
773	Silvally	銀伴戰獸	银伴战兽	Yínbànzhànshòu
774	Minior	小隕星	小陨星	Xiǎoyǔnxīng
775	Komala	樹枕尾熊	树枕尾熊	Shùzhěnwěixióng
776	Turtonator	爆焰龜獸	爆焰龟兽	Bàoyànguīshòu
777	Togedemaru	托戈德瑪爾	托戈德玛尔	Tuōgēdémǎ'ěr
778	Mimikyu	謎擬Ｑ	谜拟丘	Mínǐ-QMínǐqiū
779	Bruxish	磨牙彩皮魚	磨牙彩皮鱼	Móyácǎipíyú
780	Drampa	老翁龍	老翁龙	Lǎowēnglóng
781	Dhelmise	破破舵輪	破破舵轮	Pòpòduòlún
782	Jangmo-o	心鱗寶	心鳞宝	Xīnlínbǎo
783	Hakamo-o	鱗甲龍	鳞甲龙	Línjiǎlóng
784	Kommo-o	杖尾鱗甲龍	杖尾鳞甲龙	Zhàngwěilínjiǎlóng
785	Tapu Koko	卡璞・鳴鳴	卡璞・鸣鸣	Kǎpú Míngmíng
786	Tapu Lele	卡璞・蝶蝶	卡璞・蝶蝶	Kǎpú Diédié
787	Tapu Bulu	卡璞・哞哞	卡璞・哞哞	Kǎpú Mōumōu
788	Tapu Fini	卡璞・鰭鰭	卡璞・鳍鳍	Kǎpú Qíqí
789	Cosmog	科斯莫古	科斯莫古	Kēsīmògǔ
790	Cosmoem	科斯莫姆	科斯莫姆	Kēsīmòmǔ
791	Solgaleo	索爾迦雷歐	索尔迦雷欧	Suǒ'ěrjiāléi'ōu
792	Lunala	露奈雅拉	露奈雅拉	Lùnàiyǎlā
793	Nihilego	虛吾伊德	虚吾伊德	Xūwúyīdé
794	Buzzwole	爆肌蚊	爆肌蚊	Bàojīwén
795	Pheromosa	費洛美螂	费洛美螂	Fèiluòměiláng
796	Xurkitree	電束木	电束木	Diànshùmù
797	Celesteela	鐵火輝夜	铁火辉夜	Tiěhuǒhuīyè
798	Kartana	紙御劍	纸御剑	Zhǐyùjiàn
799	Guzzlord	惡食大王	恶食大王	Èshídàwáng
800	Necrozma	奈克洛茲瑪	奈克洛兹玛	Nàikèluòzīmǎ
801	Magearna	瑪機雅娜	玛机雅娜	Mǎjīyǎnà
802	Marshadow	瑪夏多	玛夏多	Mǎxiàduō
803	Poipole	毒貝比	毒贝比	Dúbèibǐ
804	Naganadel	四顎針龍	四颚针龙	Sì'èzhēnlóng
805	Stakataka	壘磊石	垒磊石	Lěilěishí
806	Blacephalon	砰頭小丑	砰头小丑	Pēngtóuxiǎochǒu
807	Zeraora	捷拉奧拉	捷拉奥拉	Jiélā'àolā
808	Meltan	美錄坦	美录坦	Měilùtǎn
809	Melmetal	美錄梅塔	美录梅塔	Měilùméitǎ
810	Grookey	敲音猴	敲音猴	Qiāoyīnhóu
811	Thwackey	啪咚猴	啪咚猴	Pādōnghóu
812	Rillaboom	轟擂金剛猩	轰擂金刚猩	Hōngléijīngāngxīng
813	Scorbunny	炎兔兒	炎兔儿	Yántù'er
814	Raboot	騰蹴小將	腾蹴小将	Téngcùxiǎojiàng
815	Cinderace	閃焰王牌	闪焰王牌	Shǎnyànwángpái
816	Sobble	淚眼蜥	泪眼蜥	Lèiyǎnxī
817	Drizzile	變澀蜥	变涩蜥	Biànsèxī
818	Inteleon	千面避役	千面避役	Qiānmiànbìyì
819	Skwovet	貪心栗鼠	贪心栗鼠	Tānxīnlìshǔ
820	Greedent	藏飽栗鼠	藏饱栗鼠	Cángbǎolìshǔ
821	Rookidee	稚山雀	稚山雀	Zhìshānquè
822	Corvisquire	藍鴉	蓝鸦	Lányā
823	Corviknight	鋼鎧鴉	钢铠鸦	Gāngkǎiyā
824	Blipbug	索偵蟲	索侦虫	Suǒzhēnchóng
825	Dottler	天罩蟲	天罩虫	Tiānzhàochóng
826	Orbeetle	以歐路普	以欧路普	Yǐ'ōulùpǔ
827	Nickit	偷兒狐	狡小狐	Tōu'erhúJiǎoxiǎohú
828	Thievul	狐大盜	猾大狐	HúdàdàoHuádàhú
829	Gossifleur	幼棉棉	幼棉棉	Yòumiánmián
830	Eldegoss	白蓬蓬	白蓬蓬	Báipéngpéng
831	Wooloo	毛辮羊	毛辫羊	Máobiànyáng
832	Dubwool	毛毛角羊	毛毛角羊	Máomáojiǎoyáng
833	Chewtle	咬咬龜	咬咬龟	Yǎoyǎoguī
834	Drednaw	暴噬龜	暴噬龟	Bàoshìguī
835	Yamper	來電汪	来电汪	Láidiànwāng
836	Boltund	逐電犬	逐电犬	Zhúdiànquǎn
837	Rolycoly	小炭仔	小炭仔	Xiǎotànzǎi
838	Carkol	大炭車	大炭车	Dàtànchē
839	Coalossal	巨炭山	巨炭山	Jùtànshān
840	Applin	啃果蟲	啃果虫	Kěnguǒchóng
841	Flapple	蘋裹龍	苹裹龙	Píngguǒlóng
842	Appletun	豐蜜龍	丰蜜龙	Fēngmìlóng
843	Silicobra	沙包蛇	沙包蛇	Shābāoshé
844	Sandaconda	沙螺蟒	沙螺蟒	Shāluómǎng
845	Cramorant	古月鳥	古月鸟	Gǔyuèniǎo
846	Arrokuda	刺梭魚	刺梭鱼	Cìsuōyú
847	Barraskewda	戽斗尖梭	戽斗尖梭	Hùdǒujiānsuō
848	Toxel	毒電嬰	电音婴	DúdiànyīngDiànyīnyīng
849	Toxtricity	顫弦蠑螈	颤弦蝾螈	Chànxiánróngyuán
850	Sizzlipede	燒火蚣	烧火蚣	Shāohuǒgōng
851	Centiskorch	焚焰蚣	焚焰蚣	Fényàngōng
852	Clobbopus	拳拳蛸	拳拳蛸	Quánquánxiāo
853	Grapploct	八爪武師	八爪武师	Bāzhuǎwǔshī
854	Sinistea	來悲茶	来悲茶	Láibēichá
855	Polteageist	怖思壺	怖思壶	Bùsīhú
856	Hatenna	迷布莉姆	迷布莉姆	Míbùlìmǔ
857	Hattrem	提布莉姆	提布莉姆	Tíbùlìmǔ
858	Hatterene	布莉姆溫	布莉姆温	Bùlìmǔwēn
859	Impidimp	搗蛋小妖	捣蛋小妖	Dǎodànxiǎoyāo
860	Morgrem	詐唬魔	诈唬魔	Zhàhǔmó
861	Grimmsnarl	長毛巨魔	长毛巨魔	Chángmáojùmó
862	Obstagoon	堵攔熊	堵拦熊	Dǔlánxióng
863	Perrserker	喵頭目	喵头目	Miāotóumù
864	Cursola	魔靈珊瑚	魔灵珊瑚	Mólíngshānhú
865	Sirfetch'd	蔥遊兵	葱游兵	Cōngyóubīng
866	Mr. Rime	踏冰人偶	踏冰人偶	Tàbīngrén'ǒu
867	Runerigus	死神板	迭失板	SǐshénbǎnDiéshībǎn
868	Milcery	小仙奶	小仙奶	Xiǎoxiānnǎi
869	Alcremie	霜奶仙	霜奶仙	Shuāngnǎixiān
870	Falinks	列陣兵	列阵兵	Lièzhènbīng
871	Pincurchin	啪嚓海膽	啪嚓海胆	Pācāhǎidǎn
872	Snom	雪吞蟲	雪吞虫	Xuětūnchóng
873	Frosmoth	雪絨蛾	雪绒蛾	Xuěróng'é
874	Stonjourner	巨石丁	巨石丁	Jùshídīng
875	Eiscue	冰砌鵝	冰砌鹅	Bīngqì'é
876	Indeedee	愛管侍	爱管侍	Àiguǎnshì
877	Morpeko	莫魯貝可	莫鲁贝可	Mòlǔbèikě
878	Cufant	銅象	铜象	Tóngxiàng
879	Copperajah	大王銅象	大王铜象	Dàwángtóngxiàng
880	Dracozolt	雷鳥龍	雷鸟龙	Léiniǎolóng
881	Arctozolt	雷鳥海獸	雷鸟海兽	Léiniǎohǎishòu
882	Dracovish	鰓魚龍	鳃鱼龙	Sāiyúlóng
883	Arctovish	鰓魚海獸	鳃鱼海兽	Sāiyúhǎishòu
884	Duraludon	鋁鋼龍	铝钢龙	Lǚgānglóng
885	Dreepy	多龍梅西亞	多龙梅西亚	Duōlóngméixīyǎ
886	Drakloak	多龍奇	多龙奇	Duōlóngqí
887	Dragapult	多龍巴魯托	多龙巴鲁托	Duōlóngbālǔtuō
888	Zacian	蒼響	苍响	Cāngxiǎng
889	Zamazenta	藏瑪然特	藏玛然特	Zàngmǎrántè
890	Eternatus	無極汰那	无极汰那	Wújítàinà
891	Kubfu	熊徒弟	熊徒弟	Xióngtúdì
892	Urshifu	武道熊師	武道熊师	Wǔdàoxióngshī
893	Zarude	薩戮德	萨戮德	Sàlùdé
894	Regieleki	雷吉艾勒奇	雷吉艾勒奇	Léijí'àilèqí
895	Regidrago	雷吉鐸拉戈	雷吉铎拉戈	Léijíduólāgē
896	Glastrier	雪暴馬	雪暴马	Xuěbàomǎ
897	Spectrier	靈幽馬	灵幽马	Língyōumǎ
898	Calyrex	蕾冠王	蕾冠王	Lěiguànwáng
899	Wyrdeer	詭角鹿	诡角鹿	Guǐjiǎolù
900	Kleavor	劈斧螳螂	劈斧螳螂	Pīfǔtángláng
901	Ursaluna	月月熊	月月熊	Yuèyuèxióng
902	Basculegion	幽尾玄魚	幽尾玄鱼	Yōuwěixuányú
903	Sneasler	大狃拉	大狃拉	Dàniǔlā
904	Overqwil	萬針魚	万针鱼	Wànzhēnyú
905	Enamorus	眷戀雲	眷恋云	Juànliànyún
	Sprigatito	新葉喵	新叶喵	Xīnyèmiāo
	Floragato	蒂蕾喵	蒂蕾喵	Dìlěimiāo
	Meowscarada	魔幻假面喵	魔幻假面喵	Móhuànjiǎmiànmiāo
	Fuecoco	呆火鱷	呆火鳄	Dāihuǒ'è
	Crocalor	炙燙鱷	炙烫鳄	Zhìtàng'è
	Skeledirge	骨紋巨聲鱷	骨纹巨声鳄	Gǔwénjùshēng'è
	Quaxly	潤水鴨	润水鸭	Rùnshuǐyā
	Quaxwell	湧躍鴨	涌跃鸭	Yǒngyuèyā
	Quaquaval	狂歡浪舞鴨	狂欢浪舞鸭	Kuánghuānlàngwǔyā
	Lechonk	愛吃豚	爱吃豚	Àichītún
	Oinkologne	飄香豚	飘香豚	Piāoxiāngtún
	Dudunsparce	土龍節節	土龙节节	Tǔlóngjiéjié
	Tarountula	團珠蛛	团珠蛛	Tuánzhūzhū
	Spidops	操陷蛛	操陷蛛	Cāoxiànzhū
	Nymble	豆蟋蟀	豆蟋蟀	Dòuxīshuài
	Lokix	烈腿蝗	烈腿蝗	Liètuǐhuáng
	Rellor	蟲滾泥	虫滚泥	Chónggǔnní
	Rabsca	蟲甲聖	虫甲圣	Chóngjiǎshèng
	Greavard	墓仔狗	墓仔狗	Mùzǎigǒu
	Houndstone	墓揚犬	墓扬犬	Mùyángquǎn
	Flittle	飄飄雛	飘飘雏	Piāopiāochú
	Espathra	超能豔鴕	超能艳鸵	Chāonéngyàntuó
	Farigiraf	奇麒麟	奇麒麟	Qíqílín
	Wiglett	海地鼠	海地鼠	Hǎidìshǔ
	Wugtrio	三海地鼠	三海地鼠	Sānhǎidìshǔ
	Dondozo	吃吼霸	吃吼霸	Chīhǒubà
	Veluza	輕身鱈	轻身鳕	Qīngshēnxuě
	Finizen	波普海豚	波普海豚	Bōpǔhǎitún
	Palafin	海豚俠	海豚侠	Hǎitúnxiá
	Smoliv	迷你芙	迷你芙	Mínǐfú
	Dolliv	奧利紐	奥利纽	Àolìniǔ
	Arboliva	奧利瓦	奥利瓦	Àolìwǎ
	Capsakid	熱辣娃	热辣娃	Rèlàwá
	Scovillain	狠辣椒	狠辣椒	Hěnlàjiāo
	Tadbulb	光蚪仔	光蚪仔	Guāngdǒuzǎi
	Bellibolt	電肚蛙	电肚蛙	Diàndùwā
	Varoom	噗隆隆	噗隆隆	Pūlónglóng
	Revavroom	普隆隆姆	普隆隆姆	Pǔlónglóngmǔ
	Orthworm	拖拖蚓	拖拖蚓	Tuōtuōyǐn
	Tandemaus	一對鼠	一对鼠	Yīduìshǔ
	Maushold	一家鼠	一家鼠	Yījiāshǔ
	Cetoddle	走鯨	走鲸	Zǒujīng
	Cetitan	浩大鯨	浩大鲸	Hàodàjīng
	Frigibax	涼脊龍	凉脊龙	Liángjílóng
	Arctibax	凍脊龍	冻脊龙	Dòngjílóng
	Baxcalibur	戟脊龍	戟脊龙	Jǐjílóng
	Tatsugiri	米立龍	米立龙	Mǐlìlóng
	Cyclizar	摩托蜥	摩托蜥	Mótuōxī
	Pawmi	布撥	布拨	Bùbō
	Pawmo	布土撥	布土拨	Bùtǔbō
	Pawmot	巴布土撥	巴布土拨	Bābùtǔbō
	Wattrel	電海燕	电海燕	Diànhǎiyàn
	Kilowattrel	大電海燕	大电海燕	Dàdiànhǎiyàn
	Bombirdier	下石鳥	下石鸟	Xiàshíniǎo
	Squawkabilly	怒鸚哥	怒鹦哥	Nùyīnggē
	Flamigo	纏紅鶴	缠红鹤	Chánhónghè
	Klawf	毛崖蟹	毛崖蟹	MáoyáixièMáoyáxiè
	Nacli	鹽石寶	盐石宝	Yánshíbǎo
	Naclstack	鹽石壘	盐石垒	Yánshílěi
	Garganacl	鹽石巨靈	盐石巨灵	Yánshíjùlíng
	Glimmet	晶光芽	晶光芽	Jīngguāngyá
	Glimmora	晶光花	晶光花	Jīngguānghuā
	Shroodle	滋汁鼴	滋汁鼹	Zīzhīyǎn
	Grafaiai	塗標客	涂标客	Túbiāokè
	Fidough	狗仔包	狗仔包	Gǒuzǎibāo
	Dachsbun	麻花犬	麻花犬	Máhuāquǎn
	Maschiff	偶叫獒	偶叫獒	Ǒujiào'áo
	Mabosstiff	獒教父	獒教父	Áojiàofù
	Bramblin	納噬草	纳噬草	Nàshìcǎo
	Brambleghast	怖納噬草	怖纳噬草	Bùnàshìcǎo
	Gimmighoul	索財靈	索财灵	Suǒcáilíng
	Gholdengo	賽富豪	赛富豪	Sàifùháo
	Great Tusk	雄偉牙	雄伟牙	Xióngwěiyá
	Brute Bonnet	猛惡菇	猛恶菇	Měng'ègū
	Sandy Shocks	沙鐵皮	沙铁皮	Shātiěpí
	Scream Tail	吼叫尾	吼叫尾	Hǒujiàowěi
	Flutter Mane	振翼髮	振翼发	Zhènyìfă
	Slither Wing	爬地翅	爬地翅	Pádìchì
	Roaring Moon	轟鳴月	轰鸣月	Hōngmíngyuè
	Iron Treads	鐵轍跡	铁辙迹	TiězhéjīTiězhéjì
	Iron Moth	鐵毒蛾	铁毒蛾	Tiědú'é
	Iron Hands	鐵臂膀	铁臂膀	Tiěbìbǎng
	Iron Jugulis	鐵脖頸	铁脖颈	Tiěbógěng
	Iron Thorns	鐵荊棘	铁荆棘	Tiějīngjí
	Iron Bundle	鐵包袱	铁包袱	Tiěbāofú
	Iron Valiant	鐵武者	铁武者	Tiěwǔzhě
	Ting-Lu	古鼎鹿	古鼎鹿	Gǔdǐnglù
	Chien-Pao	古劍豹	古剑豹	Gǔjiànbào
	Wo-Chien	古簡蝸	古简蜗	GǔjiǎnguāGǔjiǎnwō
	Chi-Yu	古玉魚	古玉鱼	Gǔyùyú
	Koraidon	故勒頓	故勒顿	Gùlèdùn
	Miraidon	密勒頓	密勒顿	Mìlèdùn
	Tinkatink	小鍛匠	小锻匠	Xiǎoduànjiàng
	Tinkatuff	巧鍛匠	巧锻匠	Qiǎoduànjiàng
	Tinkaton	巨鍛匠	巨锻匠	Jùduànjiàng
	Charcadet	炭小侍	炭小侍	Tànxiǎoshì
	Armarouge	紅蓮鎧騎	红莲铠骑	Hóngliánkǎiqí
	Ceruledge	蒼炎刃鬼	苍炎刃鬼	Cāngyánrènguǐ
	Toedscool	原野水母	原野水母	Yuányěshuǐmǔ
	Toedscruel	陸地水母	陆地水母	Lùdìshuǐmǔ
	Kingambit	仆斬將軍	仆刀将军	PūzhǎnjiāngjūnPūdāojiāngjūn
	Clodsire	土王	土王	Tǔwáng
	Annihilape	棄世猴	弃世猴	Qìshìhóu
